[
{
  "model": "auth.user",
  "pk": 1,
  "fields": {
    "password": "",
    "last_login": null,
    "is_superuser": false,
    "username": "admin",
    "first_name": "",
    "last_name": "",
    "email": "",
    "is_staff": false,
    "is_active": true,
    "date_joined": "2016-03-15T10:13:05.085",
    "groups": [],
    "user_permissions": []
  }
},
{
  "model": "auth.user",
  "pk": 2,
  "fields": {
    "password": "",
    "last_login": null,
    "is_superuser": false,
    "username": "user1",
    "first_name": "",
    "last_name": "",
    "email": "",
    "is_staff": false,
    "is_active": true,
    "date_joined": "2016-03-15T10:13:05.518",
    "groups": [],
    "user_permissions": []
  }
},
{
  "model": "auth.user",
  "pk": 3,
  "fields": {
    "password": "",
    "last_login": null,
    "is_superuser": false,
    "username": "user2",
    "first_name": "",
    "last_name": "",
    "email": "",
    "is_staff": false,
    "is_active": true,
    "date_joined": "2016-03-15T10:13:05.859",
    "groups": [],
    "user_permissions": []
  }
},
{
  "model": "auth.user",
  "pk": 4,
  "fields": {
    "password": "",
    "last_login": null,
    "is_superuser": false,
    "username": "user3",
    "first_name": "",
    "last_name": "",
    "email": "",
    "is_staff": false,
    "is_active": true,
    "date_joined": "2016-03-15T10:13:06.174",
    "groups": [],
    "user_permissions": []
  }
},
{
  "model": "tutelary.policyauditlogentry",
  "pk": 1,
  "fields": {
    "id": 1,
    "name": "default",
    "body": "{\"clause\": [{\"action\": [\"party.list\"], \"effect\": \"allow\", \"object\": [\"project/*/*\"]}, {\"action\": [\"party.detail\"], \"effect\": \"allow\", \"object\": [\"party/*/*/*\"]}, {\"action\": [\"parcel.list\"], \"effect\": \"allow\", \"object\": [\"project/*/*\"]}, {\"action\": [\"parcel.detail\"], \"effect\": \"allow\", \"object\": [\"parcel/*/*/*\"]}, {\"action\": [\"organisation.list\"], \"effect\": \"allow\"}, {\"action\": [\"organisation.detail\"], \"effect\": \"allow\", \"object\": [\"organisation/*\"]}, {\"action\": [\"project.list\"], \"effect\": \"allow\", \"object\": [\"organisation/*\"]}, {\"action\": [\"project.detail\"], \"effect\": \"allow\", \"object\": [\"project/*/*\"]}, {\"action\": [\"user.list\"], \"effect\": \"allow\"}, {\"action\": [\"user.detail\"], \"effect\": \"allow\", \"object\": [\"user/*\"]}, {\"action\": [\"policy.list\"], \"effect\": \"allow\"}, {\"action\": [\"policy.detail\"], \"effect\": \"allow\", \"object\": [\"policy/*\"]}, {\"action\": \"statistics\", \"effect\": \"deny\"}]}",
    "action_user": null,
    "action_date": "2016-03-15T10:13:04.591",
    "action_type": "I"
  }
},
{
  "model": "tutelary.policyauditlogentry",
  "pk": 2,
  "fields": {
    "id": 2,
    "name": "sys-admin",
    "body": "{\"clause\": [{\"action\": [\"party.detail\", \"party.edit\", \"party.delete\"], \"effect\": \"allow\", \"object\": [\"party/*/*/*\"]}, {\"action\": [\"party.list\", \"party.create\"], \"effect\": \"allow\", \"object\": [\"project/*/*\"]}, {\"action\": [\"parcel.detail\", \"parcel.edit\", \"parcel.delete\"], \"effect\": \"allow\", \"object\": [\"parcel/*/*/*\"]}, {\"action\": [\"parcel.list\", \"parcel.create\"], \"effect\": \"allow\", \"object\": [\"project/*/*\"]}, {\"action\": [\"organisation.delete\"], \"effect\": \"allow\", \"object\": [\"organisation/*\"]}, {\"action\": [\"organisation.list\", \"organisation.create\"], \"effect\": \"allow\"}, {\"action\": [\"project.delete\"], \"effect\": \"allow\", \"object\": [\"project/*/*\"]}, {\"action\": [\"project.list\", \"project.create\"], \"effect\": \"allow\", \"object\": [\"organisation/*\"]}, {\"action\": [\"user.detail\", \"user.edit\", \"user.delete\"], \"effect\": \"allow\", \"object\": [\"user/*\"]}, {\"action\": [\"user.list\", \"user.create\"], \"effect\": \"allow\"}, {\"action\": [\"policy.detail\", \"policy.edit\", \"policy.delete\"], \"effect\": \"allow\", \"object\": [\"policy/*\"]}, {\"action\": [\"policy.list\", \"policy.create\"], \"effect\": \"allow\"}, {\"action\": \"statistics\", \"effect\": \"allow\"}]}",
    "action_user": null,
    "action_date": "2016-03-15T10:13:04.670",
    "action_type": "I"
  }
},
{
  "model": "tutelary.policyauditlogentry",
  "pk": 3,
  "fields": {
    "id": 3,
    "name": "org-default",
    "body": "{\"clause\": [{\"action\": [\"party.detail\", \"party.edit\", \"party.delete\"], \"effect\": \"allow\", \"object\": [\"party/$organisation/*/*\"]}, {\"action\": [\"party.list\", \"party.create\"], \"effect\": \"allow\", \"object\": [\"project/$organisation/*\"]}, {\"action\": [\"parcel.detail\", \"parcel.edit\", \"parcel.delete\"], \"effect\": \"allow\", \"object\": [\"parcel/$organisation/*/*\"]}, {\"action\": [\"parcel.list\", \"parcel.create\"], \"effect\": \"allow\", \"object\": [\"project/$organisation/*\"]}, {\"action\": [\"project.delete\"], \"effect\": \"allow\", \"object\": [\"project/$organisation/*\"]}, {\"action\": [\"project.list\", \"project.create\"], \"effect\": \"allow\", \"object\": [\"organisation/$organisation\"]}]}",
    "action_user": null,
    "action_date": "2016-03-15T10:13:04.767",
    "action_type": "I"
  }
},
{
  "model": "tutelary.policyauditlogentry",
  "pk": 4,
  "fields": {
    "id": 4,
    "name": "project-default",
    "body": "{\"clause\": [{\"action\": [\"party.edit\"], \"effect\": \"deny\", \"object\": [\"party/$organisation/$project/*\"]}, {\"action\": [\"parcel.edit\"], \"effect\": \"deny\", \"object\": [\"parcel/$organisation/$project/*\"]}, {\"action\": [\"project.edit\", \"project.delete\"], \"effect\": \"deny\", \"object\": [\"project/$organisation/*\"]}, {\"action\": [\"project.create\"], \"effect\": \"deny\", \"object\": [\"organisation/$organisation\"]}]}",
    "action_user": null,
    "action_date": "2016-03-15T10:13:04.847",
    "action_type": "I"
  }
},
{
  "model": "tutelary.policy",
  "pk": 1,
  "fields": {
    "name": "default",
    "body": "{\"clause\": [{\"action\": [\"party.list\"], \"effect\": \"allow\", \"object\": [\"project/*/*\"]}, {\"action\": [\"party.detail\"], \"effect\": \"allow\", \"object\": [\"party/*/*/*\"]}, {\"action\": [\"parcel.list\"], \"effect\": \"allow\", \"object\": [\"project/*/*\"]}, {\"action\": [\"parcel.detail\"], \"effect\": \"allow\", \"object\": [\"parcel/*/*/*\"]}, {\"action\": [\"organisation.list\"], \"effect\": \"allow\"}, {\"action\": [\"organisation.detail\"], \"effect\": \"allow\", \"object\": [\"organisation/*\"]}, {\"action\": [\"project.list\"], \"effect\": \"allow\", \"object\": [\"organisation/*\"]}, {\"action\": [\"project.detail\"], \"effect\": \"allow\", \"object\": [\"project/*/*\"]}, {\"action\": [\"user.list\"], \"effect\": \"allow\"}, {\"action\": [\"user.detail\"], \"effect\": \"allow\", \"object\": [\"user/*\"]}, {\"action\": [\"policy.list\"], \"effect\": \"allow\"}, {\"action\": [\"policy.detail\"], \"effect\": \"allow\", \"object\": [\"policy/*\"]}, {\"action\": \"statistics\", \"effect\": \"deny\"}]}"
  }
},
{
  "model": "tutelary.policy",
  "pk": 2,
  "fields": {
    "name": "sys-admin",
    "body": "{\"clause\": [{\"action\": [\"party.detail\", \"party.edit\", \"party.delete\"], \"effect\": \"allow\", \"object\": [\"party/*/*/*\"]}, {\"action\": [\"party.list\", \"party.create\"], \"effect\": \"allow\", \"object\": [\"project/*/*\"]}, {\"action\": [\"parcel.detail\", \"parcel.edit\", \"parcel.delete\"], \"effect\": \"allow\", \"object\": [\"parcel/*/*/*\"]}, {\"action\": [\"parcel.list\", \"parcel.create\"], \"effect\": \"allow\", \"object\": [\"project/*/*\"]}, {\"action\": [\"organisation.delete\"], \"effect\": \"allow\", \"object\": [\"organisation/*\"]}, {\"action\": [\"organisation.list\", \"organisation.create\"], \"effect\": \"allow\"}, {\"action\": [\"project.delete\"], \"effect\": \"allow\", \"object\": [\"project/*/*\"]}, {\"action\": [\"project.list\", \"project.create\"], \"effect\": \"allow\", \"object\": [\"organisation/*\"]}, {\"action\": [\"user.detail\", \"user.edit\", \"user.delete\"], \"effect\": \"allow\", \"object\": [\"user/*\"]}, {\"action\": [\"user.list\", \"user.create\"], \"effect\": \"allow\"}, {\"action\": [\"policy.detail\", \"policy.edit\", \"policy.delete\"], \"effect\": \"allow\", \"object\": [\"policy/*\"]}, {\"action\": [\"policy.list\", \"policy.create\"], \"effect\": \"allow\"}, {\"action\": \"statistics\", \"effect\": \"allow\"}]}"
  }
},
{
  "model": "tutelary.policy",
  "pk": 3,
  "fields": {
    "name": "org-default",
    "body": "{\"clause\": [{\"action\": [\"party.detail\", \"party.edit\", \"party.delete\"], \"effect\": \"allow\", \"object\": [\"party/$organisation/*/*\"]}, {\"action\": [\"party.list\", \"party.create\"], \"effect\": \"allow\", \"object\": [\"project/$organisation/*\"]}, {\"action\": [\"parcel.detail\", \"parcel.edit\", \"parcel.delete\"], \"effect\": \"allow\", \"object\": [\"parcel/$organisation/*/*\"]}, {\"action\": [\"parcel.list\", \"parcel.create\"], \"effect\": \"allow\", \"object\": [\"project/$organisation/*\"]}, {\"action\": [\"project.delete\"], \"effect\": \"allow\", \"object\": [\"project/$organisation/*\"]}, {\"action\": [\"project.list\", \"project.create\"], \"effect\": \"allow\", \"object\": [\"organisation/$organisation\"]}]}"
  }
},
{
  "model": "tutelary.policy",
  "pk": 4,
  "fields": {
    "name": "project-default",
    "body": "{\"clause\": [{\"action\": [\"party.edit\"], \"effect\": \"deny\", \"object\": [\"party/$organisation/$project/*\"]}, {\"action\": [\"parcel.edit\"], \"effect\": \"deny\", \"object\": [\"parcel/$organisation/$project/*\"]}, {\"action\": [\"project.edit\", \"project.delete\"], \"effect\": \"deny\", \"object\": [\"project/$organisation/*\"]}, {\"action\": [\"project.create\"], \"effect\": \"deny\", \"object\": [\"organisation/$organisation\"]}]}"
  }
},
{
  "model": "tutelary.policyinstance",
  "pk": 1,
  "fields": {
    "policy": 1,
    "pset": 1,
    "index": 0,
    "role": null,
    "variables": "{}"
  }
},
{
  "model": "tutelary.policyinstance",
  "pk": 2,
  "fields": {
    "policy": 2,
    "pset": 1,
    "index": 1,
    "role": null,
    "variables": "{}"
  }
},
{
  "model": "tutelary.policyinstance",
  "pk": 3,
  "fields": {
    "policy": 1,
    "pset": 2,
    "index": 0,
    "role": null,
    "variables": "{}"
  }
},
{
  "model": "tutelary.policyinstance",
  "pk": 4,
  "fields": {
    "policy": 1,
    "pset": 3,
    "index": 0,
    "role": null,
    "variables": "{}"
  }
},
{
  "model": "tutelary.policyinstance",
  "pk": 5,
  "fields": {
    "policy": 3,
    "pset": 3,
    "index": 1,
    "role": null,
    "variables": "{\"organisation\": \"Cadasta\"}"
  }
},
{
  "model": "tutelary.policyinstance",
  "pk": 6,
  "fields": {
    "policy": 1,
    "pset": 4,
    "index": 0,
    "role": null,
    "variables": "{}"
  }
},
{
  "model": "tutelary.policyinstance",
  "pk": 7,
  "fields": {
    "policy": 3,
    "pset": 4,
    "index": 1,
    "role": null,
    "variables": "{\"organisation\": \"Cadasta\"}"
  }
},
{
  "model": "tutelary.policyinstance",
  "pk": 8,
  "fields": {
    "policy": 4,
    "pset": 4,
    "index": 2,
    "role": null,
    "variables": "{\"organisation\": \"Cadasta\", \"project\": \"CadastaProj1\"}"
  }
},
{
  "model": "tutelary.permissionset",
  "pk": 1,
  "fields": {
    "anonymous_user": false,
    "users": [
      1
    ]
  }
},
{
  "model": "tutelary.permissionset",
  "pk": 2,
  "fields": {
    "anonymous_user": true,
    "users": [
      2
    ]
  }
},
{
  "model": "tutelary.permissionset",
  "pk": 3,
  "fields": {
    "anonymous_user": false,
    "users": [
      3
    ]
  }
},
{
  "model": "tutelary.permissionset",
  "pk": 4,
  "fields": {
    "anonymous_user": false,
    "users": [
      4
    ]
  }
},
{
  "model": "exampleapp.organisation",
  "pk": 1,
  "fields": {
    "name": "Cadasta"
  }
},
{
  "model": "exampleapp.organisation",
  "pk": 2,
  "fields": {
    "name": "H4HI"
  }
},
{
  "model": "exampleapp.project",
  "pk": 1,
  "fields": {
    "name": "CadastaProj1",
    "organisation": 1
  }
},
{
  "model": "exampleapp.project",
  "pk": 2,
  "fields": {
    "name": "CadastaProj2",
    "organisation": 1
  }
},
{
  "model": "exampleapp.project",
  "pk": 3,
  "fields": {
    "name": "H4HIProj",
    "organisation": 2
  }
},
{
  "model": "exampleapp.party",
  "pk": 1,
  "fields": {
    "project": 1,
    "name": "Jim Jones"
  }
},
{
  "model": "exampleapp.party",
  "pk": 2,
  "fields": {
    "project": 1,
    "name": "Sally Smith"
  }
},
{
  "model": "exampleapp.party",
  "pk": 3,
  "fields": {
    "project": 1,
    "name": "Bob Bennett"
  }
},
{
  "model": "exampleapp.party",
  "pk": 4,
  "fields": {
    "project": 2,
    "name": "Dave Dawkins"
  }
},
{
  "model": "exampleapp.party",
  "pk": 5,
  "fields": {
    "project": 2,
    "name": "Alex Adams"
  }
},
{
  "model": "exampleapp.party",
  "pk": 6,
  "fields": {
    "project": 3,
    "name": "Charlie Chapo"
  }
},
{
  "model": "exampleapp.parcel",
  "pk": 1,
  "fields": {
    "project": 1,
    "address": "1 Beach Terrace"
  }
},
{
  "model": "exampleapp.parcel",
  "pk": 2,
  "fields": {
    "project": 1,
    "address": "5 Sandy Road"
  }
},
{
  "model": "exampleapp.parcel",
  "pk": 3,
  "fields": {
    "project": 2,
    "address": "10 Chorley Street"
  }
},
{
  "model": "exampleapp.parcel",
  "pk": 4,
  "fields": {
    "project": 2,
    "address": "7 Sidney Avenue"
  }
},
{
  "model": "exampleapp.parcel",
  "pk": 5,
  "fields": {
    "project": 3,
    "address": "Lanser Strasse 30"
  }
},
{
  "model": "exampleapp.parcel",
  "pk": 6,
  "fields": {
    "project": 3,
    "address": "Obexerstrasse 15"
  }
},
{
  "model": "exampleapp.userpolicyassignment",
  "pk": 1,
  "fields": {
    "user": 1,
    "policy": 1,
    "organisation": null,
    "project": null,
    "index": 0
  }
},
{
  "model": "exampleapp.userpolicyassignment",
  "pk": 2,
  "fields": {
    "user": 1,
    "policy": 2,
    "organisation": null,
    "project": null,
    "index": 1
  }
},
{
  "model": "exampleapp.userpolicyassignment",
  "pk": 3,
  "fields": {
    "user": 2,
    "policy": 1,
    "organisation": null,
    "project": null,
    "index": 0
  }
},
{
  "model": "exampleapp.userpolicyassignment",
  "pk": 4,
  "fields": {
    "user": 3,
    "policy": 1,
    "organisation": null,
    "project": null,
    "index": 0
  }
},
{
  "model": "exampleapp.userpolicyassignment",
  "pk": 5,
  "fields": {
    "user": 3,
    "policy": 3,
    "organisation": 1,
    "project": null,
    "index": 1
  }
},
{
  "model": "exampleapp.userpolicyassignment",
  "pk": 6,
  "fields": {
    "user": 4,
    "policy": 1,
    "organisation": null,
    "project": null,
    "index": 0
  }
},
{
  "model": "exampleapp.userpolicyassignment",
  "pk": 7,
  "fields": {
    "user": 4,
    "policy": 3,
    "organisation": 1,
    "project": null,
    "index": 1
  }
},
{
  "model": "exampleapp.userpolicyassignment",
  "pk": 8,
  "fields": {
    "user": 4,
    "policy": 4,
    "organisation": 1,
    "project": 1,
    "index": 2
  }
}
]
