[
{
  "model": "auth.user",
  "pk": 1,
  "fields": {
    "password": "",
    "last_login": null,
    "is_superuser": false,
    "username": "admin",
    "first_name": "",
    "last_name": "",
    "email": "",
    "is_staff": false,
    "is_active": true,
    "date_joined": "2016-01-20T16:13:49.507",
    "groups": [],
    "user_permissions": []
  }
},
{
  "model": "auth.user",
  "pk": 2,
  "fields": {
    "password": "",
    "last_login": null,
    "is_superuser": false,
    "username": "user1",
    "first_name": "",
    "last_name": "",
    "email": "",
    "is_staff": false,
    "is_active": true,
    "date_joined": "2016-01-20T16:13:49.789",
    "groups": [],
    "user_permissions": []
  }
},
{
  "model": "auth.user",
  "pk": 3,
  "fields": {
    "password": "",
    "last_login": null,
    "is_superuser": false,
    "username": "user2",
    "first_name": "",
    "last_name": "",
    "email": "",
    "is_staff": false,
    "is_active": true,
    "date_joined": "2016-01-20T16:13:49.959",
    "groups": [],
    "user_permissions": []
  }
},
{
  "model": "auth.user",
  "pk": 4,
  "fields": {
    "password": "",
    "last_login": null,
    "is_superuser": false,
    "username": "user3",
    "first_name": "",
    "last_name": "",
    "email": "",
    "is_staff": false,
    "is_active": true,
    "date_joined": "2016-01-20T16:13:50.245",
    "groups": [],
    "user_permissions": []
  }
},
{
  "model": "tutelary.policyauditlogentry",
  "pk": 1,
  "fields": {
    "id": 1,
    "name": "default",
    "body": "{\"clause\": [{\"object\": [\"party/*/*/*\"], \"action\": [\"party.list\", \"party.detail\"], \"effect\": \"allow\"}, {\"object\": [\"parcel/*/*/*\"], \"action\": [\"parcel.list\", \"parcel.detail\"], \"effect\": \"allow\"}, {\"object\": [\"organisation/*\"], \"action\": [\"organisation.list\", \"organisation.detail\"], \"effect\": \"allow\"}, {\"object\": [\"project/*/*\"], \"action\": [\"project.list\", \"project.detail\"], \"effect\": \"allow\"}, {\"object\": [\"user/*\"], \"action\": [\"user.list\", \"user.detail\"], \"effect\": \"allow\"}, {\"object\": [\"policy/*\"], \"action\": [\"policy.list\", \"policy.detail\"], \"effect\": \"allow\"}]}",
    "action_user": null,
    "action_date": "2016-01-20T16:13:49.369",
    "action_type": "I"
  }
},
{
  "model": "tutelary.policyauditlogentry",
  "pk": 2,
  "fields": {
    "id": 2,
    "name": "sys-admin",
    "body": "{\"clause\": [{\"object\": [\"party/*/*/*\"], \"action\": [\"party.*\"], \"effect\": \"allow\"}, {\"object\": [\"parcel/*/*/*\"], \"action\": [\"parcel.*\"], \"effect\": \"allow\"}, {\"object\": [\"organisation/*\"], \"action\": [\"organisation.*\"], \"effect\": \"allow\"}, {\"object\": [\"project/*/*\"], \"action\": [\"project.*\"], \"effect\": \"allow\"}, {\"object\": [\"user/*\"], \"action\": [\"user.*\"], \"effect\": \"allow\"}, {\"object\": [\"policy/*\"], \"action\": [\"policy.*\"], \"effect\": \"allow\"}]}",
    "action_user": null,
    "action_date": "2016-01-20T16:13:49.389",
    "action_type": "I"
  }
},
{
  "model": "tutelary.policyauditlogentry",
  "pk": 3,
  "fields": {
    "id": 3,
    "name": "org-default",
    "body": "{\"clause\": [{\"object\": [\"party/$organisation/*/*\"], \"action\": [\"party.*\"], \"effect\": \"allow\"}, {\"object\": [\"parcel/$organisation/*/*\"], \"action\": [\"parcel.*\"], \"effect\": \"allow\"}, {\"object\": [\"project/$organisation/*\"], \"action\": [\"project.*\"], \"effect\": \"allow\"}]}",
    "action_user": null,
    "action_date": "2016-01-20T16:13:49.424",
    "action_type": "I"
  }
},
{
  "model": "tutelary.policyauditlogentry",
  "pk": 4,
  "fields": {
    "id": 4,
    "name": "project-default",
    "body": "{\"clause\": [{\"object\": [\"party/$organisation/$project/*\"], \"action\": [\"party.edit\"], \"effect\": \"deny\"}, {\"object\": [\"parcel/$organisation/$project/*\"], \"action\": [\"parcel.edit\"], \"effect\": \"deny\"}, {\"object\": [\"project/$organisation/*\"], \"action\": [\"project.create\", \"project.edit\", \"project.delete\"], \"effect\": \"deny\"}]}",
    "action_user": null,
    "action_date": "2016-01-20T16:13:49.455",
    "action_type": "I"
  }
},
{
  "model": "tutelary.policy",
  "pk": 1,
  "fields": {
    "name": "default",
    "body": "{\"clause\": [{\"object\": [\"party/*/*/*\"], \"action\": [\"party.list\", \"party.detail\"], \"effect\": \"allow\"}, {\"object\": [\"parcel/*/*/*\"], \"action\": [\"parcel.list\", \"parcel.detail\"], \"effect\": \"allow\"}, {\"object\": [\"organisation/*\"], \"action\": [\"organisation.list\", \"organisation.detail\"], \"effect\": \"allow\"}, {\"object\": [\"project/*/*\"], \"action\": [\"project.list\", \"project.detail\"], \"effect\": \"allow\"}, {\"object\": [\"user/*\"], \"action\": [\"user.list\", \"user.detail\"], \"effect\": \"allow\"}, {\"object\": [\"policy/*\"], \"action\": [\"policy.list\", \"policy.detail\"], \"effect\": \"allow\"}]}"
  }
},
{
  "model": "tutelary.policy",
  "pk": 2,
  "fields": {
    "name": "sys-admin",
    "body": "{\"clause\": [{\"object\": [\"party/*/*/*\"], \"action\": [\"party.*\"], \"effect\": \"allow\"}, {\"object\": [\"parcel/*/*/*\"], \"action\": [\"parcel.*\"], \"effect\": \"allow\"}, {\"object\": [\"organisation/*\"], \"action\": [\"organisation.*\"], \"effect\": \"allow\"}, {\"object\": [\"project/*/*\"], \"action\": [\"project.*\"], \"effect\": \"allow\"}, {\"object\": [\"user/*\"], \"action\": [\"user.*\"], \"effect\": \"allow\"}, {\"object\": [\"policy/*\"], \"action\": [\"policy.*\"], \"effect\": \"allow\"}]}"
  }
},
{
  "model": "tutelary.policy",
  "pk": 3,
  "fields": {
    "name": "org-default",
    "body": "{\"clause\": [{\"object\": [\"party/$organisation/*/*\"], \"action\": [\"party.*\"], \"effect\": \"allow\"}, {\"object\": [\"parcel/$organisation/*/*\"], \"action\": [\"parcel.*\"], \"effect\": \"allow\"}, {\"object\": [\"project/$organisation/*\"], \"action\": [\"project.*\"], \"effect\": \"allow\"}]}"
  }
},
{
  "model": "tutelary.policy",
  "pk": 4,
  "fields": {
    "name": "project-default",
    "body": "{\"clause\": [{\"object\": [\"party/$organisation/$project/*\"], \"action\": [\"party.edit\"], \"effect\": \"deny\"}, {\"object\": [\"parcel/$organisation/$project/*\"], \"action\": [\"parcel.edit\"], \"effect\": \"deny\"}, {\"object\": [\"project/$organisation/*\"], \"action\": [\"project.create\", \"project.edit\", \"project.delete\"], \"effect\": \"deny\"}]}"
  }
},
{
  "model": "tutelary.policyinstance",
  "pk": 1,
  "fields": {
    "policy": 1,
    "policy_text": "{\"version\": \"2015-12-10\", \"clause\": [{\"object\": [\"party/*/*/*\"], \"action\": [\"party.list\", \"party.detail\"], \"effect\": \"allow\"}, {\"object\": [\"parcel/*/*/*\"], \"action\": [\"parcel.list\", \"parcel.detail\"], \"effect\": \"allow\"}, {\"object\": [\"organisation/*\"], \"action\": [\"organisation.list\", \"organisation.detail\"], \"effect\": \"allow\"}, {\"object\": [\"project/*/*\"], \"action\": [\"project.list\", \"project.detail\"], \"effect\": \"allow\"}, {\"object\": [\"user/*\"], \"action\": [\"user.list\", \"user.detail\"], \"effect\": \"allow\"}, {\"object\": [\"policy/*\"], \"action\": [\"policy.list\", \"policy.detail\"], \"effect\": \"allow\"}]}",
    "variables": "null",
    "hash": "74ad613271cd3cd8d064bdd9735dd067"
  }
},
{
  "model": "tutelary.policyinstance",
  "pk": 2,
  "fields": {
    "policy": 2,
    "policy_text": "{\"version\": \"2015-12-10\", \"clause\": [{\"object\": [\"party/*/*/*\"], \"action\": [\"party.*\"], \"effect\": \"allow\"}, {\"object\": [\"parcel/*/*/*\"], \"action\": [\"parcel.*\"], \"effect\": \"allow\"}, {\"object\": [\"organisation/*\"], \"action\": [\"organisation.*\"], \"effect\": \"allow\"}, {\"object\": [\"project/*/*\"], \"action\": [\"project.*\"], \"effect\": \"allow\"}, {\"object\": [\"user/*\"], \"action\": [\"user.*\"], \"effect\": \"allow\"}, {\"object\": [\"policy/*\"], \"action\": [\"policy.*\"], \"effect\": \"allow\"}]}",
    "variables": "null",
    "hash": "daacdf6d2cbdf816c0bc8875c452ad55"
  }
},
{
  "model": "tutelary.policyinstance",
  "pk": 3,
  "fields": {
    "policy": 3,
    "policy_text": "{\"version\": \"2015-12-10\", \"clause\": [{\"object\": [\"party/Cadasta/*/*\"], \"action\": [\"party.*\"], \"effect\": \"allow\"}, {\"object\": [\"parcel/Cadasta/*/*\"], \"action\": [\"parcel.*\"], \"effect\": \"allow\"}, {\"object\": [\"project/Cadasta/*\"], \"action\": [\"project.*\"], \"effect\": \"allow\"}]}",
    "variables": "{\"organisation\": \"Cadasta\"}",
    "hash": "f560508512126a169a5433cb2d87efb9"
  }
},
{
  "model": "tutelary.policyinstance",
  "pk": 4,
  "fields": {
    "policy": 4,
    "policy_text": "{\"version\": \"2015-12-10\", \"clause\": [{\"object\": [\"party/Cadasta/TestProj/*\"], \"action\": [\"party.edit\"], \"effect\": \"deny\"}, {\"object\": [\"parcel/Cadasta/TestProj/*\"], \"action\": [\"parcel.edit\"], \"effect\": \"deny\"}, {\"object\": [\"project/Cadasta/*\"], \"action\": [\"project.create\", \"project.edit\", \"project.delete\"], \"effect\": \"deny\"}]}",
    "variables": "{\"organisation\": \"Cadasta\", \"project\": \"TestProj\"}",
    "hash": "71f37aaa66a6f923a8ff9c54e2784c88"
  }
},
{
  "model": "tutelary.policyinstanceassign",
  "pk": 1,
  "fields": {
    "policy_instance": 1,
    "permission_set": 1,
    "index": 0
  }
},
{
  "model": "tutelary.policyinstanceassign",
  "pk": 2,
  "fields": {
    "policy_instance": 2,
    "permission_set": 1,
    "index": 1
  }
},
{
  "model": "tutelary.policyinstanceassign",
  "pk": 3,
  "fields": {
    "policy_instance": 1,
    "permission_set": 2,
    "index": 0
  }
},
{
  "model": "tutelary.policyinstanceassign",
  "pk": 4,
  "fields": {
    "policy_instance": 1,
    "permission_set": 3,
    "index": 0
  }
},
{
  "model": "tutelary.policyinstanceassign",
  "pk": 5,
  "fields": {
    "policy_instance": 3,
    "permission_set": 3,
    "index": 1
  }
},
{
  "model": "tutelary.policyinstanceassign",
  "pk": 6,
  "fields": {
    "policy_instance": 1,
    "permission_set": 4,
    "index": 0
  }
},
{
  "model": "tutelary.policyinstanceassign",
  "pk": 7,
  "fields": {
    "policy_instance": 3,
    "permission_set": 4,
    "index": 1
  }
},
{
  "model": "tutelary.policyinstanceassign",
  "pk": 8,
  "fields": {
    "policy_instance": 4,
    "permission_set": 4,
    "index": 2
  }
},
{
  "model": "tutelary.permissionset",
  "pk": 1,
  "fields": {
    "data": "{\"item\": null, \"subtrees\": [[\"policy\", {\"item\": null, \"subtrees\": [[\"*\", {\"item\": null, \"subtrees\": [[\"policy\", {\"item\": null, \"subtrees\": [[\"*\", {\"item\": \"allow\", \"subtrees\": []}]]}]]}]]}], [\"user\", {\"item\": null, \"subtrees\": [[\"*\", {\"item\": null, \"subtrees\": [[\"user\", {\"item\": null, \"subtrees\": [[\"*\", {\"item\": \"allow\", \"subtrees\": []}]]}]]}]]}], [\"project\", {\"item\": null, \"subtrees\": [[\"*\", {\"item\": null, \"subtrees\": [[\"project\", {\"item\": null, \"subtrees\": [[\"*\", {\"item\": null, \"subtrees\": [[\"*\", {\"item\": \"allow\", \"subtrees\": []}]]}]]}]]}]]}], [\"organisation\", {\"item\": null, \"subtrees\": [[\"*\", {\"item\": null, \"subtrees\": [[\"organisation\", {\"item\": null, \"subtrees\": [[\"*\", {\"item\": \"allow\", \"subtrees\": []}]]}]]}]]}], [\"parcel\", {\"item\": null, \"subtrees\": [[\"*\", {\"item\": null, \"subtrees\": [[\"parcel\", {\"item\": null, \"subtrees\": [[\"*\", {\"item\": null, \"subtrees\": [[\"*\", {\"item\": null, \"subtrees\": [[\"*\", {\"item\": \"allow\", \"subtrees\": []}]]}]]}]]}]]}]]}], [\"party\", {\"item\": null, \"subtrees\": [[\"*\", {\"item\": null, \"subtrees\": [[\"party\", {\"item\": null, \"subtrees\": [[\"*\", {\"item\": null, \"subtrees\": [[\"*\", {\"item\": null, \"subtrees\": [[\"*\", {\"item\": \"allow\", \"subtrees\": []}]]}]]}]]}]]}]]}]]}",
    "hash": "9c0ceed777420c002d05a7531ece04c6",
    "users": [
      1
    ]
  }
},
{
  "model": "tutelary.permissionset",
  "pk": 2,
  "fields": {
    "data": "{\"item\": null, \"subtrees\": [[\"policy\", {\"item\": null, \"subtrees\": [[\"detail\", {\"item\": null, \"subtrees\": [[\"policy\", {\"item\": null, \"subtrees\": [[\"*\", {\"item\": \"allow\", \"subtrees\": []}]]}]]}], [\"list\", {\"item\": null, \"subtrees\": [[\"policy\", {\"item\": null, \"subtrees\": [[\"*\", {\"item\": \"allow\", \"subtrees\": []}]]}]]}]]}], [\"user\", {\"item\": null, \"subtrees\": [[\"detail\", {\"item\": null, \"subtrees\": [[\"user\", {\"item\": null, \"subtrees\": [[\"*\", {\"item\": \"allow\", \"subtrees\": []}]]}]]}], [\"list\", {\"item\": null, \"subtrees\": [[\"user\", {\"item\": null, \"subtrees\": [[\"*\", {\"item\": \"allow\", \"subtrees\": []}]]}]]}]]}], [\"project\", {\"item\": null, \"subtrees\": [[\"detail\", {\"item\": null, \"subtrees\": [[\"project\", {\"item\": null, \"subtrees\": [[\"*\", {\"item\": null, \"subtrees\": [[\"*\", {\"item\": \"allow\", \"subtrees\": []}]]}]]}]]}], [\"list\", {\"item\": null, \"subtrees\": [[\"project\", {\"item\": null, \"subtrees\": [[\"*\", {\"item\": null, \"subtrees\": [[\"*\", {\"item\": \"allow\", \"subtrees\": []}]]}]]}]]}]]}], [\"organisation\", {\"item\": null, \"subtrees\": [[\"detail\", {\"item\": null, \"subtrees\": [[\"organisation\", {\"item\": null, \"subtrees\": [[\"*\", {\"item\": \"allow\", \"subtrees\": []}]]}]]}], [\"list\", {\"item\": null, \"subtrees\": [[\"organisation\", {\"item\": null, \"subtrees\": [[\"*\", {\"item\": \"allow\", \"subtrees\": []}]]}]]}]]}], [\"parcel\", {\"item\": null, \"subtrees\": [[\"detail\", {\"item\": null, \"subtrees\": [[\"parcel\", {\"item\": null, \"subtrees\": [[\"*\", {\"item\": null, \"subtrees\": [[\"*\", {\"item\": null, \"subtrees\": [[\"*\", {\"item\": \"allow\", \"subtrees\": []}]]}]]}]]}]]}], [\"list\", {\"item\": null, \"subtrees\": [[\"parcel\", {\"item\": null, \"subtrees\": [[\"*\", {\"item\": null, \"subtrees\": [[\"*\", {\"item\": null, \"subtrees\": [[\"*\", {\"item\": \"allow\", \"subtrees\": []}]]}]]}]]}]]}]]}], [\"party\", {\"item\": null, \"subtrees\": [[\"detail\", {\"item\": null, \"subtrees\": [[\"party\", {\"item\": null, \"subtrees\": [[\"*\", {\"item\": null, \"subtrees\": [[\"*\", {\"item\": null, \"subtrees\": [[\"*\", {\"item\": \"allow\", \"subtrees\": []}]]}]]}]]}]]}], [\"list\", {\"item\": null, \"subtrees\": [[\"party\", {\"item\": null, \"subtrees\": [[\"*\", {\"item\": null, \"subtrees\": [[\"*\", {\"item\": null, \"subtrees\": [[\"*\", {\"item\": \"allow\", \"subtrees\": []}]]}]]}]]}]]}]]}]]}",
    "hash": "122f202adc4cc2fe58d3e1ffcbd7a3de",
    "users": [
      2
    ]
  }
},
{
  "model": "tutelary.permissionset",
  "pk": 3,
  "fields": {
    "data": "{\"item\": null, \"subtrees\": [[\"policy\", {\"item\": null, \"subtrees\": [[\"detail\", {\"item\": null, \"subtrees\": [[\"policy\", {\"item\": null, \"subtrees\": [[\"*\", {\"item\": \"allow\", \"subtrees\": []}]]}]]}], [\"list\", {\"item\": null, \"subtrees\": [[\"policy\", {\"item\": null, \"subtrees\": [[\"*\", {\"item\": \"allow\", \"subtrees\": []}]]}]]}]]}], [\"user\", {\"item\": null, \"subtrees\": [[\"detail\", {\"item\": null, \"subtrees\": [[\"user\", {\"item\": null, \"subtrees\": [[\"*\", {\"item\": \"allow\", \"subtrees\": []}]]}]]}], [\"list\", {\"item\": null, \"subtrees\": [[\"user\", {\"item\": null, \"subtrees\": [[\"*\", {\"item\": \"allow\", \"subtrees\": []}]]}]]}]]}], [\"project\", {\"item\": null, \"subtrees\": [[\"*\", {\"item\": null, \"subtrees\": [[\"project\", {\"item\": null, \"subtrees\": [[\"Cadasta\", {\"item\": null, \"subtrees\": [[\"*\", {\"item\": \"allow\", \"subtrees\": []}]]}]]}]]}], [\"detail\", {\"item\": null, \"subtrees\": [[\"project\", {\"item\": null, \"subtrees\": [[\"*\", {\"item\": null, \"subtrees\": [[\"*\", {\"item\": \"allow\", \"subtrees\": []}]]}]]}]]}], [\"list\", {\"item\": null, \"subtrees\": [[\"project\", {\"item\": null, \"subtrees\": [[\"*\", {\"item\": null, \"subtrees\": [[\"*\", {\"item\": \"allow\", \"subtrees\": []}]]}]]}]]}]]}], [\"organisation\", {\"item\": null, \"subtrees\": [[\"detail\", {\"item\": null, \"subtrees\": [[\"organisation\", {\"item\": null, \"subtrees\": [[\"*\", {\"item\": \"allow\", \"subtrees\": []}]]}]]}], [\"list\", {\"item\": null, \"subtrees\": [[\"organisation\", {\"item\": null, \"subtrees\": [[\"*\", {\"item\": \"allow\", \"subtrees\": []}]]}]]}]]}], [\"parcel\", {\"item\": null, \"subtrees\": [[\"*\", {\"item\": null, \"subtrees\": [[\"parcel\", {\"item\": null, \"subtrees\": [[\"Cadasta\", {\"item\": null, \"subtrees\": [[\"*\", {\"item\": null, \"subtrees\": [[\"*\", {\"item\": \"allow\", \"subtrees\": []}]]}]]}]]}]]}], [\"detail\", {\"item\": null, \"subtrees\": [[\"parcel\", {\"item\": null, \"subtrees\": [[\"*\", {\"item\": null, \"subtrees\": [[\"*\", {\"item\": null, \"subtrees\": [[\"*\", {\"item\": \"allow\", \"subtrees\": []}]]}]]}]]}]]}], [\"list\", {\"item\": null, \"subtrees\": [[\"parcel\", {\"item\": null, \"subtrees\": [[\"*\", {\"item\": null, \"subtrees\": [[\"*\", {\"item\": null, \"subtrees\": [[\"*\", {\"item\": \"allow\", \"subtrees\": []}]]}]]}]]}]]}]]}], [\"party\", {\"item\": null, \"subtrees\": [[\"*\", {\"item\": null, \"subtrees\": [[\"party\", {\"item\": null, \"subtrees\": [[\"Cadasta\", {\"item\": null, \"subtrees\": [[\"*\", {\"item\": null, \"subtrees\": [[\"*\", {\"item\": \"allow\", \"subtrees\": []}]]}]]}]]}]]}], [\"detail\", {\"item\": null, \"subtrees\": [[\"party\", {\"item\": null, \"subtrees\": [[\"*\", {\"item\": null, \"subtrees\": [[\"*\", {\"item\": null, \"subtrees\": [[\"*\", {\"item\": \"allow\", \"subtrees\": []}]]}]]}]]}]]}], [\"list\", {\"item\": null, \"subtrees\": [[\"party\", {\"item\": null, \"subtrees\": [[\"*\", {\"item\": null, \"subtrees\": [[\"*\", {\"item\": null, \"subtrees\": [[\"*\", {\"item\": \"allow\", \"subtrees\": []}]]}]]}]]}]]}]]}]]}",
    "hash": "7c04fefd6f222bd907e7311e6b4eadd2",
    "users": [
      3
    ]
  }
},
{
  "model": "tutelary.permissionset",
  "pk": 4,
  "fields": {
    "data": "{\"item\": null, \"subtrees\": [[\"policy\", {\"item\": null, \"subtrees\": [[\"detail\", {\"item\": null, \"subtrees\": [[\"policy\", {\"item\": null, \"subtrees\": [[\"*\", {\"item\": \"allow\", \"subtrees\": []}]]}]]}], [\"list\", {\"item\": null, \"subtrees\": [[\"policy\", {\"item\": null, \"subtrees\": [[\"*\", {\"item\": \"allow\", \"subtrees\": []}]]}]]}]]}], [\"user\", {\"item\": null, \"subtrees\": [[\"detail\", {\"item\": null, \"subtrees\": [[\"user\", {\"item\": null, \"subtrees\": [[\"*\", {\"item\": \"allow\", \"subtrees\": []}]]}]]}], [\"list\", {\"item\": null, \"subtrees\": [[\"user\", {\"item\": null, \"subtrees\": [[\"*\", {\"item\": \"allow\", \"subtrees\": []}]]}]]}]]}], [\"project\", {\"item\": null, \"subtrees\": [[\"delete\", {\"item\": null, \"subtrees\": [[\"project\", {\"item\": null, \"subtrees\": [[\"Cadasta\", {\"item\": null, \"subtrees\": [[\"*\", {\"item\": \"deny\", \"subtrees\": []}]]}]]}]]}], [\"edit\", {\"item\": null, \"subtrees\": [[\"project\", {\"item\": null, \"subtrees\": [[\"Cadasta\", {\"item\": null, \"subtrees\": [[\"*\", {\"item\": \"deny\", \"subtrees\": []}]]}]]}]]}], [\"create\", {\"item\": null, \"subtrees\": [[\"project\", {\"item\": null, \"subtrees\": [[\"Cadasta\", {\"item\": null, \"subtrees\": [[\"*\", {\"item\": \"deny\", \"subtrees\": []}]]}]]}]]}], [\"*\", {\"item\": null, \"subtrees\": [[\"project\", {\"item\": null, \"subtrees\": [[\"Cadasta\", {\"item\": null, \"subtrees\": [[\"*\", {\"item\": \"allow\", \"subtrees\": []}]]}]]}]]}], [\"detail\", {\"item\": null, \"subtrees\": [[\"project\", {\"item\": null, \"subtrees\": [[\"*\", {\"item\": null, \"subtrees\": [[\"*\", {\"item\": \"allow\", \"subtrees\": []}]]}]]}]]}], [\"list\", {\"item\": null, \"subtrees\": [[\"project\", {\"item\": null, \"subtrees\": [[\"*\", {\"item\": null, \"subtrees\": [[\"*\", {\"item\": \"allow\", \"subtrees\": []}]]}]]}]]}]]}], [\"organisation\", {\"item\": null, \"subtrees\": [[\"detail\", {\"item\": null, \"subtrees\": [[\"organisation\", {\"item\": null, \"subtrees\": [[\"*\", {\"item\": \"allow\", \"subtrees\": []}]]}]]}], [\"list\", {\"item\": null, \"subtrees\": [[\"organisation\", {\"item\": null, \"subtrees\": [[\"*\", {\"item\": \"allow\", \"subtrees\": []}]]}]]}]]}], [\"parcel\", {\"item\": null, \"subtrees\": [[\"edit\", {\"item\": null, \"subtrees\": [[\"parcel\", {\"item\": null, \"subtrees\": [[\"Cadasta\", {\"item\": null, \"subtrees\": [[\"TestProj\", {\"item\": null, \"subtrees\": [[\"*\", {\"item\": \"deny\", \"subtrees\": []}]]}]]}]]}]]}], [\"*\", {\"item\": null, \"subtrees\": [[\"parcel\", {\"item\": null, \"subtrees\": [[\"Cadasta\", {\"item\": null, \"subtrees\": [[\"*\", {\"item\": null, \"subtrees\": [[\"*\", {\"item\": \"allow\", \"subtrees\": []}]]}]]}]]}]]}], [\"detail\", {\"item\": null, \"subtrees\": [[\"parcel\", {\"item\": null, \"subtrees\": [[\"*\", {\"item\": null, \"subtrees\": [[\"*\", {\"item\": null, \"subtrees\": [[\"*\", {\"item\": \"allow\", \"subtrees\": []}]]}]]}]]}]]}], [\"list\", {\"item\": null, \"subtrees\": [[\"parcel\", {\"item\": null, \"subtrees\": [[\"*\", {\"item\": null, \"subtrees\": [[\"*\", {\"item\": null, \"subtrees\": [[\"*\", {\"item\": \"allow\", \"subtrees\": []}]]}]]}]]}]]}]]}], [\"party\", {\"item\": null, \"subtrees\": [[\"edit\", {\"item\": null, \"subtrees\": [[\"party\", {\"item\": null, \"subtrees\": [[\"Cadasta\", {\"item\": null, \"subtrees\": [[\"TestProj\", {\"item\": null, \"subtrees\": [[\"*\", {\"item\": \"deny\", \"subtrees\": []}]]}]]}]]}]]}], [\"*\", {\"item\": null, \"subtrees\": [[\"party\", {\"item\": null, \"subtrees\": [[\"Cadasta\", {\"item\": null, \"subtrees\": [[\"*\", {\"item\": null, \"subtrees\": [[\"*\", {\"item\": \"allow\", \"subtrees\": []}]]}]]}]]}]]}], [\"detail\", {\"item\": null, \"subtrees\": [[\"party\", {\"item\": null, \"subtrees\": [[\"*\", {\"item\": null, \"subtrees\": [[\"*\", {\"item\": null, \"subtrees\": [[\"*\", {\"item\": \"allow\", \"subtrees\": []}]]}]]}]]}]]}], [\"list\", {\"item\": null, \"subtrees\": [[\"party\", {\"item\": null, \"subtrees\": [[\"*\", {\"item\": null, \"subtrees\": [[\"*\", {\"item\": null, \"subtrees\": [[\"*\", {\"item\": \"allow\", \"subtrees\": []}]]}]]}]]}]]}]]}]]}",
    "hash": "15ab7e0b6e67e0d39859ef927f4ef6a2",
    "users": [
      4
    ]
  }
},
{
  "model": "exampleapp.organisation",
  "pk": 1,
  "fields": {
    "name": "Cadasta"
  }
},
{
  "model": "exampleapp.project",
  "pk": 1,
  "fields": {
    "name": "TestProj",
    "organisation": 1
  }
},
{
  "model": "exampleapp.party",
  "pk": 1,
  "fields": {
    "project": 1,
    "name": "Jim Jones"
  }
},
{
  "model": "exampleapp.party",
  "pk": 2,
  "fields": {
    "project": 1,
    "name": "Sally Smith"
  }
},
{
  "model": "exampleapp.party",
  "pk": 3,
  "fields": {
    "project": 1,
    "name": "Bob Bennett"
  }
},
{
  "model": "exampleapp.parcel",
  "pk": 1,
  "fields": {
    "project": 1,
    "address": "1 Beach Terrace"
  }
},
{
  "model": "exampleapp.parcel",
  "pk": 2,
  "fields": {
    "project": 1,
    "address": "5 Sandy Road"
  }
},
{
  "model": "exampleapp.parcel",
  "pk": 3,
  "fields": {
    "project": 1,
    "address": "10 Chorley Street"
  }
},
{
  "model": "exampleapp.userpolicyassignment",
  "pk": 1,
  "fields": {
    "user": 1,
    "policy": 1,
    "organisation": null,
    "project": null,
    "index": 0
  }
},
{
  "model": "exampleapp.userpolicyassignment",
  "pk": 2,
  "fields": {
    "user": 1,
    "policy": 2,
    "organisation": null,
    "project": null,
    "index": 1
  }
},
{
  "model": "exampleapp.userpolicyassignment",
  "pk": 3,
  "fields": {
    "user": 2,
    "policy": 1,
    "organisation": null,
    "project": null,
    "index": 0
  }
},
{
  "model": "exampleapp.userpolicyassignment",
  "pk": 4,
  "fields": {
    "user": 3,
    "policy": 1,
    "organisation": null,
    "project": null,
    "index": 0
  }
},
{
  "model": "exampleapp.userpolicyassignment",
  "pk": 5,
  "fields": {
    "user": 3,
    "policy": 3,
    "organisation": 1,
    "project": null,
    "index": 1
  }
},
{
  "model": "exampleapp.userpolicyassignment",
  "pk": 6,
  "fields": {
    "user": 4,
    "policy": 1,
    "organisation": null,
    "project": null,
    "index": 0
  }
},
{
  "model": "exampleapp.userpolicyassignment",
  "pk": 7,
  "fields": {
    "user": 4,
    "policy": 3,
    "organisation": 1,
    "project": null,
    "index": 1
  }
},
{
  "model": "exampleapp.userpolicyassignment",
  "pk": 8,
  "fields": {
    "user": 4,
    "policy": 4,
    "organisation": 1,
    "project": 1,
    "index": 2
  }
}
]
