[
{
  "model": "auth.user",
  "pk": 1,
  "fields": {
    "password": "",
    "last_login": "2016-01-23T08:55:47.784",
    "is_superuser": false,
    "username": "admin",
    "first_name": "",
    "last_name": "",
    "email": "",
    "is_staff": false,
    "is_active": true,
    "date_joined": "2016-01-23T08:29:54.198",
    "groups": [],
    "user_permissions": []
  }
},
{
  "model": "auth.user",
  "pk": 2,
  "fields": {
    "password": "",
    "last_login": "2016-01-23T08:57:16.416",
    "is_superuser": false,
    "username": "user1",
    "first_name": "",
    "last_name": "",
    "email": "",
    "is_staff": false,
    "is_active": true,
    "date_joined": "2016-01-23T08:29:54.509",
    "groups": [],
    "user_permissions": []
  }
},
{
  "model": "auth.user",
  "pk": 3,
  "fields": {
    "password": "",
    "last_login": "2016-01-23T08:53:48.913",
    "is_superuser": false,
    "username": "user2",
    "first_name": "",
    "last_name": "",
    "email": "",
    "is_staff": false,
    "is_active": true,
    "date_joined": "2016-01-23T08:29:54.678",
    "groups": [],
    "user_permissions": []
  }
},
{
  "model": "auth.user",
  "pk": 4,
  "fields": {
    "password": "",
    "last_login": "2016-01-23T08:54:07.712",
    "is_superuser": false,
    "username": "user3",
    "first_name": "",
    "last_name": "",
    "email": "",
    "is_staff": false,
    "is_active": true,
    "date_joined": "2016-01-23T08:29:54.904",
    "groups": [],
    "user_permissions": []
  }
},
{
  "model": "tutelary.policyauditlogentry",
  "pk": 1,
  "fields": {
    "id": 1,
    "name": "default",
    "body": "{\"clause\": [{\"effect\": \"allow\", \"object\": [\"party/*/*\"], \"action\": [\"party.list\"]}, {\"effect\": \"allow\", \"object\": [\"party/*/*/*\"], \"action\": [\"party.detail\"]}, {\"effect\": \"allow\", \"object\": [\"parcel/*/*\"], \"action\": [\"parcel.list\"]}, {\"effect\": \"allow\", \"object\": [\"parcel/*/*/*\"], \"action\": [\"parcel.detail\"]}, {\"effect\": \"allow\", \"object\": [\"organisation\"], \"action\": [\"organisation.list\"]}, {\"effect\": \"allow\", \"object\": [\"organisation/*\"], \"action\": [\"organisation.detail\"]}, {\"effect\": \"allow\", \"object\": [\"project/*\"], \"action\": [\"project.list\"]}, {\"effect\": \"allow\", \"object\": [\"project/*/*\"], \"action\": [\"project.detail\"]}, {\"effect\": \"allow\", \"object\": [\"user\"], \"action\": [\"user.list\"]}, {\"effect\": \"allow\", \"object\": [\"user/*\"], \"action\": [\"user.detail\"]}, {\"effect\": \"allow\", \"object\": [\"policy\"], \"action\": [\"policy.list\"]}, {\"effect\": \"allow\", \"object\": [\"policy/*\"], \"action\": [\"policy.detail\"]}, {\"effect\": \"deny\", \"action\": \"statistics\"}]}",
    "action_user": null,
    "action_date": "2016-01-23T08:29:53.989",
    "action_type": "I"
  }
},
{
  "model": "tutelary.policyauditlogentry",
  "pk": 2,
  "fields": {
    "id": 2,
    "name": "sys-admin",
    "body": "{\"clause\": [{\"effect\": \"allow\", \"object\": [\"party/*/*/*\"], \"action\": [\"party.*\"]}, {\"effect\": \"allow\", \"object\": [\"parcel/*/*/*\"], \"action\": [\"parcel.*\"]}, {\"effect\": \"allow\", \"object\": [\"organisation/*\"], \"action\": [\"organisation.*\"]}, {\"effect\": \"allow\", \"object\": [\"project/*/*\"], \"action\": [\"project.*\"]}, {\"effect\": \"allow\", \"object\": [\"user/*\"], \"action\": [\"user.*\"]}, {\"effect\": \"allow\", \"object\": [\"policy/*\"], \"action\": [\"policy.*\"]}, {\"effect\": \"allow\", \"action\": \"statistics\"}]}",
    "action_user": null,
    "action_date": "2016-01-23T08:29:54.016",
    "action_type": "I"
  }
},
{
  "model": "tutelary.policyauditlogentry",
  "pk": 3,
  "fields": {
    "id": 3,
    "name": "org-default",
    "body": "{\"clause\": [{\"effect\": \"allow\", \"object\": [\"party/$organisation/*/*\"], \"action\": [\"party.*\"]}, {\"effect\": \"allow\", \"object\": [\"parcel/$organisation/*/*\"], \"action\": [\"parcel.*\"]}, {\"effect\": \"allow\", \"object\": [\"project/$organisation/*\"], \"action\": [\"project.*\"]}]}",
    "action_user": null,
    "action_date": "2016-01-23T08:29:54.066",
    "action_type": "I"
  }
},
{
  "model": "tutelary.policyauditlogentry",
  "pk": 4,
  "fields": {
    "id": 4,
    "name": "project-default",
    "body": "{\"clause\": [{\"effect\": \"deny\", \"object\": [\"party/$organisation/$project/*\"], \"action\": [\"party.edit\"]}, {\"effect\": \"deny\", \"object\": [\"parcel/$organisation/$project/*\"], \"action\": [\"parcel.edit\"]}, {\"effect\": \"deny\", \"object\": [\"project/$organisation/*\"], \"action\": [\"project.create\", \"project.edit\", \"project.delete\"]}]}",
    "action_user": null,
    "action_date": "2016-01-23T08:29:54.104",
    "action_type": "I"
  }
},
{
  "model": "tutelary.policy",
  "pk": 1,
  "fields": {
    "name": "default",
    "body": "{\"clause\": [{\"effect\": \"allow\", \"object\": [\"party/*/*\"], \"action\": [\"party.list\"]}, {\"effect\": \"allow\", \"object\": [\"party/*/*/*\"], \"action\": [\"party.detail\"]}, {\"effect\": \"allow\", \"object\": [\"parcel/*/*\"], \"action\": [\"parcel.list\"]}, {\"effect\": \"allow\", \"object\": [\"parcel/*/*/*\"], \"action\": [\"parcel.detail\"]}, {\"effect\": \"allow\", \"object\": [\"organisation\"], \"action\": [\"organisation.list\"]}, {\"effect\": \"allow\", \"object\": [\"organisation/*\"], \"action\": [\"organisation.detail\"]}, {\"effect\": \"allow\", \"object\": [\"project/*\"], \"action\": [\"project.list\"]}, {\"effect\": \"allow\", \"object\": [\"project/*/*\"], \"action\": [\"project.detail\"]}, {\"effect\": \"allow\", \"object\": [\"user\"], \"action\": [\"user.list\"]}, {\"effect\": \"allow\", \"object\": [\"user/*\"], \"action\": [\"user.detail\"]}, {\"effect\": \"allow\", \"object\": [\"policy\"], \"action\": [\"policy.list\"]}, {\"effect\": \"allow\", \"object\": [\"policy/*\"], \"action\": [\"policy.detail\"]}, {\"effect\": \"deny\", \"action\": \"statistics\"}]}"
  }
},
{
  "model": "tutelary.policy",
  "pk": 2,
  "fields": {
    "name": "sys-admin",
    "body": "{\"clause\": [{\"effect\": \"allow\", \"object\": [\"party/*/*/*\"], \"action\": [\"party.*\"]}, {\"effect\": \"allow\", \"object\": [\"parcel/*/*/*\"], \"action\": [\"parcel.*\"]}, {\"effect\": \"allow\", \"object\": [\"organisation/*\"], \"action\": [\"organisation.*\"]}, {\"effect\": \"allow\", \"object\": [\"project/*/*\"], \"action\": [\"project.*\"]}, {\"effect\": \"allow\", \"object\": [\"user/*\"], \"action\": [\"user.*\"]}, {\"effect\": \"allow\", \"object\": [\"policy/*\"], \"action\": [\"policy.*\"]}, {\"effect\": \"allow\", \"action\": \"statistics\"}]}"
  }
},
{
  "model": "tutelary.policy",
  "pk": 3,
  "fields": {
    "name": "org-default",
    "body": "{\"clause\": [{\"effect\": \"allow\", \"object\": [\"party/$organisation/*/*\"], \"action\": [\"party.*\"]}, {\"effect\": \"allow\", \"object\": [\"parcel/$organisation/*/*\"], \"action\": [\"parcel.*\"]}, {\"effect\": \"allow\", \"object\": [\"project/$organisation/*\"], \"action\": [\"project.*\"]}]}"
  }
},
{
  "model": "tutelary.policy",
  "pk": 4,
  "fields": {
    "name": "project-default",
    "body": "{\"clause\": [{\"effect\": \"deny\", \"object\": [\"party/$organisation/$project/*\"], \"action\": [\"party.edit\"]}, {\"effect\": \"deny\", \"object\": [\"parcel/$organisation/$project/*\"], \"action\": [\"parcel.edit\"]}, {\"effect\": \"deny\", \"object\": [\"project/$organisation/*\"], \"action\": [\"project.create\", \"project.edit\", \"project.delete\"]}]}"
  }
},
{
  "model": "tutelary.policyinstance",
  "pk": 1,
  "fields": {
    "policy": 1,
    "policy_text": "{\"clause\": [{\"effect\": \"allow\", \"object\": [\"party/*/*\"], \"action\": [\"party.list\"]}, {\"effect\": \"allow\", \"object\": [\"party/*/*/*\"], \"action\": [\"party.detail\"]}, {\"effect\": \"allow\", \"object\": [\"parcel/*/*\"], \"action\": [\"parcel.list\"]}, {\"effect\": \"allow\", \"object\": [\"parcel/*/*/*\"], \"action\": [\"parcel.detail\"]}, {\"effect\": \"allow\", \"object\": [\"organisation\"], \"action\": [\"organisation.list\"]}, {\"effect\": \"allow\", \"object\": [\"organisation/*\"], \"action\": [\"organisation.detail\"]}, {\"effect\": \"allow\", \"object\": [\"project/*\"], \"action\": [\"project.list\"]}, {\"effect\": \"allow\", \"object\": [\"project/*/*\"], \"action\": [\"project.detail\"]}, {\"effect\": \"allow\", \"object\": [\"user\"], \"action\": [\"user.list\"]}, {\"effect\": \"allow\", \"object\": [\"user/*\"], \"action\": [\"user.detail\"]}, {\"effect\": \"allow\", \"object\": [\"policy\"], \"action\": [\"policy.list\"]}, {\"effect\": \"allow\", \"object\": [\"policy/*\"], \"action\": [\"policy.detail\"]}, {\"effect\": \"deny\", \"object\": [], \"action\": [\"statistics\"]}], \"version\": \"2015-12-10\"}",
    "variables": "null",
    "hash": "d6f2074bbd968600492dd7ad1b0e00d1"
  }
},
{
  "model": "tutelary.policyinstance",
  "pk": 2,
  "fields": {
    "policy": 2,
    "policy_text": "{\"clause\": [{\"effect\": \"allow\", \"object\": [\"party/*/*/*\"], \"action\": [\"party.*\"]}, {\"effect\": \"allow\", \"object\": [\"parcel/*/*/*\"], \"action\": [\"parcel.*\"]}, {\"effect\": \"allow\", \"object\": [\"organisation/*\"], \"action\": [\"organisation.*\"]}, {\"effect\": \"allow\", \"object\": [\"project/*/*\"], \"action\": [\"project.*\"]}, {\"effect\": \"allow\", \"object\": [\"user/*\"], \"action\": [\"user.*\"]}, {\"effect\": \"allow\", \"object\": [\"policy/*\"], \"action\": [\"policy.*\"]}, {\"effect\": \"allow\", \"object\": [], \"action\": [\"statistics\"]}], \"version\": \"2015-12-10\"}",
    "variables": "null",
    "hash": "5f6263889f548282fbc30c6559f35727"
  }
},
{
  "model": "tutelary.policyinstance",
  "pk": 3,
  "fields": {
    "policy": 3,
    "policy_text": "{\"clause\": [{\"effect\": \"allow\", \"object\": [\"party/Cadasta/*/*\"], \"action\": [\"party.*\"]}, {\"effect\": \"allow\", \"object\": [\"parcel/Cadasta/*/*\"], \"action\": [\"parcel.*\"]}, {\"effect\": \"allow\", \"object\": [\"project/Cadasta/*\"], \"action\": [\"project.*\"]}], \"version\": \"2015-12-10\"}",
    "variables": "{\"organisation\": \"Cadasta\"}",
    "hash": "324ef6be2ae6abc7ab44e30bc5c40b73"
  }
},
{
  "model": "tutelary.policyinstance",
  "pk": 4,
  "fields": {
    "policy": 4,
    "policy_text": "{\"clause\": [{\"effect\": \"deny\", \"object\": [\"party/Cadasta/CadastaProj1/*\"], \"action\": [\"party.edit\"]}, {\"effect\": \"deny\", \"object\": [\"parcel/Cadasta/CadastaProj1/*\"], \"action\": [\"parcel.edit\"]}, {\"effect\": \"deny\", \"object\": [\"project/Cadasta/*\"], \"action\": [\"project.create\", \"project.edit\", \"project.delete\"]}], \"version\": \"2015-12-10\"}",
    "variables": "{\"project\": \"CadastaProj1\", \"organisation\": \"Cadasta\"}",
    "hash": "7dbb320b68a4a76cecdd3b749ee0c1ef"
  }
},
{
  "model": "tutelary.policyinstanceassign",
  "pk": 1,
  "fields": {
    "policy_instance": 1,
    "permission_set": 1,
    "index": 0
  }
},
{
  "model": "tutelary.policyinstanceassign",
  "pk": 2,
  "fields": {
    "policy_instance": 2,
    "permission_set": 1,
    "index": 1
  }
},
{
  "model": "tutelary.policyinstanceassign",
  "pk": 3,
  "fields": {
    "policy_instance": 1,
    "permission_set": 2,
    "index": 0
  }
},
{
  "model": "tutelary.policyinstanceassign",
  "pk": 4,
  "fields": {
    "policy_instance": 1,
    "permission_set": 3,
    "index": 0
  }
},
{
  "model": "tutelary.policyinstanceassign",
  "pk": 5,
  "fields": {
    "policy_instance": 3,
    "permission_set": 3,
    "index": 1
  }
},
{
  "model": "tutelary.policyinstanceassign",
  "pk": 6,
  "fields": {
    "policy_instance": 1,
    "permission_set": 4,
    "index": 0
  }
},
{
  "model": "tutelary.policyinstanceassign",
  "pk": 7,
  "fields": {
    "policy_instance": 3,
    "permission_set": 4,
    "index": 1
  }
},
{
  "model": "tutelary.policyinstanceassign",
  "pk": 8,
  "fields": {
    "policy_instance": 4,
    "permission_set": 4,
    "index": 2
  }
},
{
  "model": "tutelary.permissionset",
  "pk": 1,
  "fields": {
    "data": "{\"subtrees\": [[\"statistics\", {\"subtrees\": [], \"item\": \"allow\"}], [\"policy\", {\"subtrees\": [[\"*\", {\"subtrees\": [[\"policy\", {\"subtrees\": [[\"*\", {\"subtrees\": [], \"item\": \"allow\"}]], \"item\": null}]], \"item\": null}], [\"list\", {\"subtrees\": [[\"policy\", {\"subtrees\": [], \"item\": \"allow\"}]], \"item\": null}]], \"item\": null}], [\"user\", {\"subtrees\": [[\"*\", {\"subtrees\": [[\"user\", {\"subtrees\": [[\"*\", {\"subtrees\": [], \"item\": \"allow\"}]], \"item\": null}]], \"item\": null}], [\"list\", {\"subtrees\": [[\"user\", {\"subtrees\": [], \"item\": \"allow\"}]], \"item\": null}]], \"item\": null}], [\"project\", {\"subtrees\": [[\"*\", {\"subtrees\": [[\"project\", {\"subtrees\": [[\"*\", {\"subtrees\": [[\"*\", {\"subtrees\": [], \"item\": \"allow\"}]], \"item\": null}]], \"item\": null}]], \"item\": null}], [\"list\", {\"subtrees\": [[\"project\", {\"subtrees\": [[\"*\", {\"subtrees\": [], \"item\": \"allow\"}]], \"item\": null}]], \"item\": null}]], \"item\": null}], [\"organisation\", {\"subtrees\": [[\"*\", {\"subtrees\": [[\"organisation\", {\"subtrees\": [[\"*\", {\"subtrees\": [], \"item\": \"allow\"}]], \"item\": null}]], \"item\": null}], [\"list\", {\"subtrees\": [[\"organisation\", {\"subtrees\": [], \"item\": \"allow\"}]], \"item\": null}]], \"item\": null}], [\"parcel\", {\"subtrees\": [[\"*\", {\"subtrees\": [[\"parcel\", {\"subtrees\": [[\"*\", {\"subtrees\": [[\"*\", {\"subtrees\": [[\"*\", {\"subtrees\": [], \"item\": \"allow\"}]], \"item\": null}]], \"item\": null}]], \"item\": null}]], \"item\": null}], [\"list\", {\"subtrees\": [[\"parcel\", {\"subtrees\": [[\"*\", {\"subtrees\": [[\"*\", {\"subtrees\": [], \"item\": \"allow\"}]], \"item\": null}]], \"item\": null}]], \"item\": null}]], \"item\": null}], [\"party\", {\"subtrees\": [[\"*\", {\"subtrees\": [[\"party\", {\"subtrees\": [[\"*\", {\"subtrees\": [[\"*\", {\"subtrees\": [[\"*\", {\"subtrees\": [], \"item\": \"allow\"}]], \"item\": null}]], \"item\": null}]], \"item\": null}]], \"item\": null}], [\"list\", {\"subtrees\": [[\"party\", {\"subtrees\": [[\"*\", {\"subtrees\": [[\"*\", {\"subtrees\": [], \"item\": \"allow\"}]], \"item\": null}]], \"item\": null}]], \"item\": null}]], \"item\": null}]], \"item\": null}",
    "anonymous_user": false,
    "hash": "4bc137f26ac61f3442e1558b42572852",
    "users": [
      1
    ]
  }
},
{
  "model": "tutelary.permissionset",
  "pk": 2,
  "fields": {
    "data": "{\"subtrees\": [[\"statistics\", {\"subtrees\": [], \"item\": \"deny\"}], [\"policy\", {\"subtrees\": [[\"detail\", {\"subtrees\": [[\"policy\", {\"subtrees\": [[\"*\", {\"subtrees\": [], \"item\": \"allow\"}]], \"item\": null}]], \"item\": null}], [\"list\", {\"subtrees\": [[\"policy\", {\"subtrees\": [], \"item\": \"allow\"}]], \"item\": null}]], \"item\": null}], [\"user\", {\"subtrees\": [[\"detail\", {\"subtrees\": [[\"user\", {\"subtrees\": [[\"*\", {\"subtrees\": [], \"item\": \"allow\"}]], \"item\": null}]], \"item\": null}], [\"list\", {\"subtrees\": [[\"user\", {\"subtrees\": [], \"item\": \"allow\"}]], \"item\": null}]], \"item\": null}], [\"project\", {\"subtrees\": [[\"detail\", {\"subtrees\": [[\"project\", {\"subtrees\": [[\"*\", {\"subtrees\": [[\"*\", {\"subtrees\": [], \"item\": \"allow\"}]], \"item\": null}]], \"item\": null}]], \"item\": null}], [\"list\", {\"subtrees\": [[\"project\", {\"subtrees\": [[\"*\", {\"subtrees\": [], \"item\": \"allow\"}]], \"item\": null}]], \"item\": null}]], \"item\": null}], [\"organisation\", {\"subtrees\": [[\"detail\", {\"subtrees\": [[\"organisation\", {\"subtrees\": [[\"*\", {\"subtrees\": [], \"item\": \"allow\"}]], \"item\": null}]], \"item\": null}], [\"list\", {\"subtrees\": [[\"organisation\", {\"subtrees\": [], \"item\": \"allow\"}]], \"item\": null}]], \"item\": null}], [\"parcel\", {\"subtrees\": [[\"detail\", {\"subtrees\": [[\"parcel\", {\"subtrees\": [[\"*\", {\"subtrees\": [[\"*\", {\"subtrees\": [[\"*\", {\"subtrees\": [], \"item\": \"allow\"}]], \"item\": null}]], \"item\": null}]], \"item\": null}]], \"item\": null}], [\"list\", {\"subtrees\": [[\"parcel\", {\"subtrees\": [[\"*\", {\"subtrees\": [[\"*\", {\"subtrees\": [], \"item\": \"allow\"}]], \"item\": null}]], \"item\": null}]], \"item\": null}]], \"item\": null}], [\"party\", {\"subtrees\": [[\"detail\", {\"subtrees\": [[\"party\", {\"subtrees\": [[\"*\", {\"subtrees\": [[\"*\", {\"subtrees\": [[\"*\", {\"subtrees\": [], \"item\": \"allow\"}]], \"item\": null}]], \"item\": null}]], \"item\": null}]], \"item\": null}], [\"list\", {\"subtrees\": [[\"party\", {\"subtrees\": [[\"*\", {\"subtrees\": [[\"*\", {\"subtrees\": [], \"item\": \"allow\"}]], \"item\": null}]], \"item\": null}]], \"item\": null}]], \"item\": null}]], \"item\": null}",
    "anonymous_user": true,
    "hash": "f3e373b9df88ee1037761f1c35be117a",
    "users": [
      2
    ]
  }
},
{
  "model": "tutelary.permissionset",
  "pk": 3,
  "fields": {
    "data": "{\"subtrees\": [[\"statistics\", {\"subtrees\": [], \"item\": \"deny\"}], [\"policy\", {\"subtrees\": [[\"detail\", {\"subtrees\": [[\"policy\", {\"subtrees\": [[\"*\", {\"subtrees\": [], \"item\": \"allow\"}]], \"item\": null}]], \"item\": null}], [\"list\", {\"subtrees\": [[\"policy\", {\"subtrees\": [], \"item\": \"allow\"}]], \"item\": null}]], \"item\": null}], [\"user\", {\"subtrees\": [[\"detail\", {\"subtrees\": [[\"user\", {\"subtrees\": [[\"*\", {\"subtrees\": [], \"item\": \"allow\"}]], \"item\": null}]], \"item\": null}], [\"list\", {\"subtrees\": [[\"user\", {\"subtrees\": [], \"item\": \"allow\"}]], \"item\": null}]], \"item\": null}], [\"project\", {\"subtrees\": [[\"*\", {\"subtrees\": [[\"project\", {\"subtrees\": [[\"Cadasta\", {\"subtrees\": [[\"*\", {\"subtrees\": [], \"item\": \"allow\"}]], \"item\": null}]], \"item\": null}]], \"item\": null}], [\"detail\", {\"subtrees\": [[\"project\", {\"subtrees\": [[\"*\", {\"subtrees\": [[\"*\", {\"subtrees\": [], \"item\": \"allow\"}]], \"item\": null}]], \"item\": null}]], \"item\": null}], [\"list\", {\"subtrees\": [[\"project\", {\"subtrees\": [[\"*\", {\"subtrees\": [], \"item\": \"allow\"}]], \"item\": null}]], \"item\": null}]], \"item\": null}], [\"organisation\", {\"subtrees\": [[\"detail\", {\"subtrees\": [[\"organisation\", {\"subtrees\": [[\"*\", {\"subtrees\": [], \"item\": \"allow\"}]], \"item\": null}]], \"item\": null}], [\"list\", {\"subtrees\": [[\"organisation\", {\"subtrees\": [], \"item\": \"allow\"}]], \"item\": null}]], \"item\": null}], [\"parcel\", {\"subtrees\": [[\"*\", {\"subtrees\": [[\"parcel\", {\"subtrees\": [[\"Cadasta\", {\"subtrees\": [[\"*\", {\"subtrees\": [[\"*\", {\"subtrees\": [], \"item\": \"allow\"}]], \"item\": null}]], \"item\": null}]], \"item\": null}]], \"item\": null}], [\"detail\", {\"subtrees\": [[\"parcel\", {\"subtrees\": [[\"*\", {\"subtrees\": [[\"*\", {\"subtrees\": [[\"*\", {\"subtrees\": [], \"item\": \"allow\"}]], \"item\": null}]], \"item\": null}]], \"item\": null}]], \"item\": null}], [\"list\", {\"subtrees\": [[\"parcel\", {\"subtrees\": [[\"*\", {\"subtrees\": [[\"*\", {\"subtrees\": [], \"item\": \"allow\"}]], \"item\": null}]], \"item\": null}]], \"item\": null}]], \"item\": null}], [\"party\", {\"subtrees\": [[\"*\", {\"subtrees\": [[\"party\", {\"subtrees\": [[\"Cadasta\", {\"subtrees\": [[\"*\", {\"subtrees\": [[\"*\", {\"subtrees\": [], \"item\": \"allow\"}]], \"item\": null}]], \"item\": null}]], \"item\": null}]], \"item\": null}], [\"detail\", {\"subtrees\": [[\"party\", {\"subtrees\": [[\"*\", {\"subtrees\": [[\"*\", {\"subtrees\": [[\"*\", {\"subtrees\": [], \"item\": \"allow\"}]], \"item\": null}]], \"item\": null}]], \"item\": null}]], \"item\": null}], [\"list\", {\"subtrees\": [[\"party\", {\"subtrees\": [[\"*\", {\"subtrees\": [[\"*\", {\"subtrees\": [], \"item\": \"allow\"}]], \"item\": null}]], \"item\": null}]], \"item\": null}]], \"item\": null}]], \"item\": null}",
    "anonymous_user": false,
    "hash": "570d74ce4993c211deccf52b097fbf07",
    "users": [
      3
    ]
  }
},
{
  "model": "tutelary.permissionset",
  "pk": 4,
  "fields": {
    "data": "{\"subtrees\": [[\"statistics\", {\"subtrees\": [], \"item\": \"deny\"}], [\"policy\", {\"subtrees\": [[\"detail\", {\"subtrees\": [[\"policy\", {\"subtrees\": [[\"*\", {\"subtrees\": [], \"item\": \"allow\"}]], \"item\": null}]], \"item\": null}], [\"list\", {\"subtrees\": [[\"policy\", {\"subtrees\": [], \"item\": \"allow\"}]], \"item\": null}]], \"item\": null}], [\"user\", {\"subtrees\": [[\"detail\", {\"subtrees\": [[\"user\", {\"subtrees\": [[\"*\", {\"subtrees\": [], \"item\": \"allow\"}]], \"item\": null}]], \"item\": null}], [\"list\", {\"subtrees\": [[\"user\", {\"subtrees\": [], \"item\": \"allow\"}]], \"item\": null}]], \"item\": null}], [\"project\", {\"subtrees\": [[\"delete\", {\"subtrees\": [[\"project\", {\"subtrees\": [[\"Cadasta\", {\"subtrees\": [[\"*\", {\"subtrees\": [], \"item\": \"deny\"}]], \"item\": null}]], \"item\": null}]], \"item\": null}], [\"edit\", {\"subtrees\": [[\"project\", {\"subtrees\": [[\"Cadasta\", {\"subtrees\": [[\"*\", {\"subtrees\": [], \"item\": \"deny\"}]], \"item\": null}]], \"item\": null}]], \"item\": null}], [\"create\", {\"subtrees\": [[\"project\", {\"subtrees\": [[\"Cadasta\", {\"subtrees\": [[\"*\", {\"subtrees\": [], \"item\": \"deny\"}]], \"item\": null}]], \"item\": null}]], \"item\": null}], [\"*\", {\"subtrees\": [[\"project\", {\"subtrees\": [[\"Cadasta\", {\"subtrees\": [[\"*\", {\"subtrees\": [], \"item\": \"allow\"}]], \"item\": null}]], \"item\": null}]], \"item\": null}], [\"detail\", {\"subtrees\": [[\"project\", {\"subtrees\": [[\"*\", {\"subtrees\": [[\"*\", {\"subtrees\": [], \"item\": \"allow\"}]], \"item\": null}]], \"item\": null}]], \"item\": null}], [\"list\", {\"subtrees\": [[\"project\", {\"subtrees\": [[\"*\", {\"subtrees\": [], \"item\": \"allow\"}]], \"item\": null}]], \"item\": null}]], \"item\": null}], [\"organisation\", {\"subtrees\": [[\"detail\", {\"subtrees\": [[\"organisation\", {\"subtrees\": [[\"*\", {\"subtrees\": [], \"item\": \"allow\"}]], \"item\": null}]], \"item\": null}], [\"list\", {\"subtrees\": [[\"organisation\", {\"subtrees\": [], \"item\": \"allow\"}]], \"item\": null}]], \"item\": null}], [\"parcel\", {\"subtrees\": [[\"edit\", {\"subtrees\": [[\"parcel\", {\"subtrees\": [[\"Cadasta\", {\"subtrees\": [[\"CadastaProj1\", {\"subtrees\": [[\"*\", {\"subtrees\": [], \"item\": \"deny\"}]], \"item\": null}]], \"item\": null}]], \"item\": null}]], \"item\": null}], [\"*\", {\"subtrees\": [[\"parcel\", {\"subtrees\": [[\"Cadasta\", {\"subtrees\": [[\"*\", {\"subtrees\": [[\"*\", {\"subtrees\": [], \"item\": \"allow\"}]], \"item\": null}]], \"item\": null}]], \"item\": null}]], \"item\": null}], [\"detail\", {\"subtrees\": [[\"parcel\", {\"subtrees\": [[\"*\", {\"subtrees\": [[\"*\", {\"subtrees\": [[\"*\", {\"subtrees\": [], \"item\": \"allow\"}]], \"item\": null}]], \"item\": null}]], \"item\": null}]], \"item\": null}], [\"list\", {\"subtrees\": [[\"parcel\", {\"subtrees\": [[\"*\", {\"subtrees\": [[\"*\", {\"subtrees\": [], \"item\": \"allow\"}]], \"item\": null}]], \"item\": null}]], \"item\": null}]], \"item\": null}], [\"party\", {\"subtrees\": [[\"edit\", {\"subtrees\": [[\"party\", {\"subtrees\": [[\"Cadasta\", {\"subtrees\": [[\"CadastaProj1\", {\"subtrees\": [[\"*\", {\"subtrees\": [], \"item\": \"deny\"}]], \"item\": null}]], \"item\": null}]], \"item\": null}]], \"item\": null}], [\"*\", {\"subtrees\": [[\"party\", {\"subtrees\": [[\"Cadasta\", {\"subtrees\": [[\"*\", {\"subtrees\": [[\"*\", {\"subtrees\": [], \"item\": \"allow\"}]], \"item\": null}]], \"item\": null}]], \"item\": null}]], \"item\": null}], [\"detail\", {\"subtrees\": [[\"party\", {\"subtrees\": [[\"*\", {\"subtrees\": [[\"*\", {\"subtrees\": [[\"*\", {\"subtrees\": [], \"item\": \"allow\"}]], \"item\": null}]], \"item\": null}]], \"item\": null}]], \"item\": null}], [\"list\", {\"subtrees\": [[\"party\", {\"subtrees\": [[\"*\", {\"subtrees\": [[\"*\", {\"subtrees\": [], \"item\": \"allow\"}]], \"item\": null}]], \"item\": null}]], \"item\": null}]], \"item\": null}]], \"item\": null}",
    "anonymous_user": false,
    "hash": "6fc6a57093a86eb46c300070bbca1aac",
    "users": [
      4
    ]
  }
},
{
  "model": "exampleapp.organisation",
  "pk": 1,
  "fields": {
    "name": "Cadasta"
  }
},
{
  "model": "exampleapp.organisation",
  "pk": 2,
  "fields": {
    "name": "H4HI"
  }
},
{
  "model": "exampleapp.project",
  "pk": 1,
  "fields": {
    "name": "CadastaProj1",
    "organisation": 1
  }
},
{
  "model": "exampleapp.project",
  "pk": 2,
  "fields": {
    "name": "CadastaProj2",
    "organisation": 1
  }
},
{
  "model": "exampleapp.project",
  "pk": 3,
  "fields": {
    "name": "H4HIProj",
    "organisation": 2
  }
},
{
  "model": "exampleapp.party",
  "pk": 1,
  "fields": {
    "project": 1,
    "name": "Jim Jones"
  }
},
{
  "model": "exampleapp.party",
  "pk": 2,
  "fields": {
    "project": 1,
    "name": "Sally Smith"
  }
},
{
  "model": "exampleapp.party",
  "pk": 3,
  "fields": {
    "project": 1,
    "name": "Bob Bennett"
  }
},
{
  "model": "exampleapp.party",
  "pk": 4,
  "fields": {
    "project": 2,
    "name": "Dave Dawkins"
  }
},
{
  "model": "exampleapp.party",
  "pk": 5,
  "fields": {
    "project": 2,
    "name": "Alex Adams"
  }
},
{
  "model": "exampleapp.party",
  "pk": 6,
  "fields": {
    "project": 3,
    "name": "Charlie Chapo"
  }
},
{
  "model": "exampleapp.parcel",
  "pk": 1,
  "fields": {
    "project": 1,
    "address": "1 Beach Terrace"
  }
},
{
  "model": "exampleapp.parcel",
  "pk": 2,
  "fields": {
    "project": 1,
    "address": "5 Sandy Road"
  }
},
{
  "model": "exampleapp.parcel",
  "pk": 3,
  "fields": {
    "project": 2,
    "address": "10 Chorley Street"
  }
},
{
  "model": "exampleapp.parcel",
  "pk": 4,
  "fields": {
    "project": 2,
    "address": "7 Sidney Avenue"
  }
},
{
  "model": "exampleapp.parcel",
  "pk": 5,
  "fields": {
    "project": 3,
    "address": "Lanser Strasse 30"
  }
},
{
  "model": "exampleapp.parcel",
  "pk": 6,
  "fields": {
    "project": 3,
    "address": "Obexerstrasse 15"
  }
},
{
  "model": "exampleapp.userpolicyassignment",
  "pk": 1,
  "fields": {
    "user": 1,
    "policy": 1,
    "organisation": null,
    "project": null,
    "index": 0
  }
},
{
  "model": "exampleapp.userpolicyassignment",
  "pk": 2,
  "fields": {
    "user": 1,
    "policy": 2,
    "organisation": null,
    "project": null,
    "index": 1
  }
},
{
  "model": "exampleapp.userpolicyassignment",
  "pk": 3,
  "fields": {
    "user": 2,
    "policy": 1,
    "organisation": null,
    "project": null,
    "index": 0
  }
},
{
  "model": "exampleapp.userpolicyassignment",
  "pk": 4,
  "fields": {
    "user": 3,
    "policy": 1,
    "organisation": 1,
    "project": null,
    "index": 0
  }
},
{
  "model": "exampleapp.userpolicyassignment",
  "pk": 5,
  "fields": {
    "user": 3,
    "policy": 3,
    "organisation": 1,
    "project": null,
    "index": 1
  }
},
{
  "model": "exampleapp.userpolicyassignment",
  "pk": 6,
  "fields": {
    "user": 4,
    "policy": 1,
    "organisation": 1,
    "project": 1,
    "index": 0
  }
},
{
  "model": "exampleapp.userpolicyassignment",
  "pk": 7,
  "fields": {
    "user": 4,
    "policy": 3,
    "organisation": 1,
    "project": 1,
    "index": 1
  }
},
{
  "model": "exampleapp.userpolicyassignment",
  "pk": 8,
  "fields": {
    "user": 4,
    "policy": 4,
    "organisation": 1,
    "project": 1,
    "index": 2
  }
}
]
